file_name,processed_at
raw-data_0131.csv,2025-10-09 14:10:49.975052
raw-data_0474.csv,2025-10-09 14:10:50.239128
raw-data_0474.csv,2025-10-09 14:10:50.248894
raw-data_0737.csv,2025-10-09 14:17:31.012607
raw-data_0981.csv,2025-10-09 14:17:31.319108
raw-data_0389.csv,2025-10-09 14:17:31.970158
raw-data_0013.csv,2025-10-09 14:17:32.223138
raw-data_0157.csv,2025-10-09 14:19:10.680896
raw-data_0164.csv,2025-10-09 14:19:11.200447
raw-data_0062.csv,2025-10-09 14:19:11.454418
raw-data_0254.csv,2025-10-09 14:20:07.057328
raw-data_0082.csv,2025-10-09 14:25:09.686990
raw-data_0903.csv,2025-10-09 14:25:10.222832
raw-data_0865.csv,2025-10-09 14:25:11.029441
raw-data_0496.csv,2025-10-09 14:25:11.856580
raw-data_0845.csv,2025-10-09 14:25:13.909093
raw-data_0693.csv,2025-10-09 14:45:46.115157
raw-data_0532.csv,2025-10-09 14:45:46.460053
raw-data_0993.csv,2025-10-09 14:45:47.357087
raw-data_0187.csv,2025-10-09 14:50:09.683381
raw-data_0609.csv,2025-10-09 14:50:09.775402
raw-data_0670.csv,2025-10-09 14:50:09.886253
raw-data_0333.csv,2025-10-09 14:55:05.428748
raw-data_0348.csv,2025-10-09 14:55:05.575895
raw-data_0160.csv,2025-10-09 14:55:05.719752
raw-data_0216.csv,2025-10-09 14:55:05.806499
raw-data_0882.csv,2025-10-09 14:55:05.912964
raw-data_0482.csv,2025-10-10 15:14:06.929296
raw-data_0151.csv,2025-10-10 15:14:07.369784
raw-data_0028.csv,2025-10-10 15:14:07.717518
raw-data_0825.csv,2025-10-10 15:14:08.123356
raw-data_0825.csv,2025-10-10 15:14:08.157373
raw-data_0933.csv,2025-10-10 23:16:41.682247
